<?xml version="1.0" encoding="UTF-8"?>
<beans xmlns="http://www.springframework.org/schema/beans"
	xmlns:xsi="http://www.w3.org/2001/XMLSchema-instance" xmlns:context="http://www.springframework.org/schema/context"
	xsi:schemaLocation="http://www.springframework.org/schema/beans http://www.springframework.org/schema/beans/spring-beans-3.0.xsd
		http://www.springframework.org/schema/context http://www.springframework.org/schema/context/spring-context-3.0.xsd">
	<context:property-placeholder location="dbConfig.properties" />

	<bean id="dataSource"
		class="org.springframework.jdbc.datasource.DriverManagerDataSource">
		<property name="driverClassName">
			<value>${jdbc.driverClassName}</value>
		</property>
		<property name="url">
			<value>${jdbc.url}</value>
		</property>
		<property name="username">
			<value>${jdbc.username}</value>
		</property>
		<property name="password">
			<value>${jdbc.password}</value>
		</property>
	</bean>
	<bean id="jdbcDao" class="com.cg.demo.JdbcDao">
		<property name="dataSource">
			<ref local="dataSource" />
		</property>
	</bean>
</beans>
