<?xml version="1.0" encoding="UTF-8"?>
<beans xmlns="http://www.springframework.org/schema/beans"
	xmlns:xsi="http://www.w3.org/2001/XMLSchema-instance"
	xsi:schemaLocation="http://www.springframework.org/schema/beans http://www.springframework.org/schema/beans/spring-beans-3.0.xsd">

	<bean name="customEditorConfigurer"
		class="org.springframework.beans.factory.config.CustomEditorConfigurer">
		<property name="customEditors">
			<map>
				<entry key="com.cg.demo.Name">
					<bean class="com.cg.demo.NamePropertyEditor"></bean>
				</entry>
			</map>
		</property>
	</bean>

	<bean id="employee" class="com.cg.demo.Employee">
		<property name="name">
			<value>Renu Kulkarni</value>
		</property>
	</bean>
</beans>
