<?xml version="1.0" encoding="UTF-8"?>
<beans xmlns="http://www.springframework.org/schema/beans"
	xmlns:xsi="http://www.w3.org/2001/XMLSchema-instance" xmlns:context="http://www.springframework.org/schema/context"
	xmlns:util="http://www.springframework.org/schema/util"
	xsi:schemaLocation="http://www.springframework.org/schema/beans http://www.springframework.org/schema/beans/spring-beans-3.0.xsd
		http://www.springframework.org/schema/context http://www.springframework.org/schema/context/spring-context-3.0.xsd
		http://www.springframework.org/schema/util http://www.springframework.org/schema/util/spring-util-3.0.xsd">

<context:annotation-config></context:annotation-config>
<context:component-scan base-package="com.cg.demo"></context:component-scan>
	<bean id="homePhone" class="com.cg.demo.Phone">
		<property name="type">
			<value> Home</value>
		</property>
		<property name="no">
			<value>020-24283484</value>
		</property>
	</bean>
	<bean id="mobilePhone" class="com.cg.demo.Phone">
		<property name="type">
			<value>Mobile</value>
		</property>
		<property name="no">
			<value>9850276767</value>
		</property>
	</bean>
	<bean id="homeAddress" class="com.cg.demo.Address">
		<property name="line">
			<value>D-10 Chintamani Residency, Bibwewadi</value>
		</property>
		<property name="city">
			<value>Pune</value>
		</property>
	</bean>
	<bean id="officeAddress" class="com.cg.demo.Address">
		<property name="line">
			<value>Talawade MIDC</value>
		</property>
		<property name="city">
			<value>Pune</value>
		</property>
	</bean>
	<bean id="project1" class="com.cg.demo.Project">
		<property name="name">
			<value>Morgan</value>
		</property>
	</bean>
	<bean id="project2" class="com.cg.demo.Project">
		<property name="name">
			<value>Sisco</value>
		</property>
	</bean>
	<util:map id="map" map-class="java.util.HashMap">
		<entry key="Home Address">
			<ref bean="homeAddress" />
		</entry>
		<entry key="Office Address">
			<ref bean="officeAddress" />
		</entry>
	</util:map>
	<util:list id="list">
		<ref bean="homePhone" />
		<ref bean="mobilePhone" />
	</util:list>
	<util:set id="set">
		<ref bean="project1" />
		<ref bean="project2" />
	</util:set>
	<util:properties id="props">
		<prop key="Spouse">Mrudula Kulkarni</prop>
		<prop key="Child1">Renu Kulkarni</prop>
	</util:properties>
</beans>
