<?xml version="1.0" encoding="UTF-8"?>
<beans xmlns="http://www.springframework.org/schema/beans"
	xmlns:xsi="http://www.w3.org/2001/XMLSchema-instance"
	xmlns:context="http://www.springframework.org/schema/context"
	xmlns:jdbc="http://www.springframework.org/schema/jdbc"
	xmlns:p="http://www.springframework.org/schema/p"
	xsi:schemaLocation="http://www.springframework.org/schema/jdbc http://www.springframework.org/schema/jdbc/spring-jdbc-4.3.xsd
		http://www.springframework.org/schema/beans http://www.springframework.org/schema/beans/spring-beans.xsd
		http://www.springframework.org/schema/context http://www.springframework.org/schema/context/spring-context-4.3.xsd">


	<context:component-scan base-package="batch"/>
	<context:property-placeholder location="batch.properties" ignore-unresolvable="true"/>
	
	<jdbc:initialize-database enabled="true" data-source="dataSource" ignore-failures="ALL">
		<jdbc:script location="classpath:org/springframework/batch/core/schema-mysql.sql" execution="INIT"/>
	</jdbc:initialize-database>
	
	<bean id="jobRepository" class="org.springframework.batch.core.repository.support.JobRepositoryFactoryBean">
		<property name="dataSource" ref="dataSource"/>
		<property name="transactionManager" ref="transactionManager"/>
	</bean>
	
	<bean id="dataSource" class="org.apache.commons.dbcp2.BasicDataSource" destroy-method="close">
	
			<property name="driverClassName" value="${dataSource.driverClassName}"/>
			<property name="username" value="${dataSource.username}"/>
			<property name="password" value="${dataSource.password}"/>
			<property name="url" value="${dataSource.url}"/>
	</bean>
	
	<bean id="transactionManager" class="org.springframework.jdbc.datasource.DataSourceTransactionManager">
		<property name="dataSource" ref="dataSource"/>
	</bean>
	
	<bean id="jobRegistry" class="org.springframework.batch.core.configuration.support.MapJobRegistry"/>
	
	<bean id="jobLauncher" class="org.springframework.batch.core.launch.support.SimpleJobLauncher" p:jobRepository-ref="jobRepository"/>
	
	<bean id="jobRegistryBeanPostProcessor" class="org.springframework.batch.core.configuration.support.JobRegistryBeanPostProcessor"
	p:jobRegistry-ref="jobRegistry"/>	
</beans>