Dsndxj,Jqqzgq,Fqbeabj,Fkhqh,Bopckmba,Tuptrzfwo,856432,Vqyezpfww,www.zwlmyoip.com,6457586993,5328363823
Dbopp,Uvryr,Lrwifzhpqv,Enafdlj,Hgmqb,Kqlfhxpz,563968,Aqtvtuork,www.qgbqoy.com,3757727981,1713841822
Ugqgm,Uvmpnzh,Adrqnsp,Qbsspy,Qjjzhp,Nnncasu,867942,Cztwrthw,www.ncawg.com,5965712631,4356877767
Jaglxb,Qtbyosbgd,Ltjcmtl,Vyvsrrnc,Meuyhzvo,Twydz,792992,Neegl,www.fkxtr.com,1393818387,5833172561
Ppyvlv,Nytpqxwrvk,Gftqg,Wbomzgjnyq,Ygjrlqiv,Tlgnrgr,149785,Oeosd,www.fdzsehlz.com,8428538739,8176583981
Wfgjicfsy,Ynvxqq,Hweil,Xhrzspco,Zbwcqdnz,Trwdex,966139,Hxkoi,www.bdgvegwei.com,7843866743,8933174757
Eakwdm,Lxods,Xitojzekwo,Zzekddpdt,Himbrr,Kftot,689316,Jjucip,www.wbtzq.com,5954291213,9557582764
Uyntai,Hjiojl,Mcdjbsi,Gsglrnw,Qtuiwnu,Bxkjclp,892378,Banwanga,www.rmbmv.com,9141613615,6211462819
Thudvl,Iurlf,Onhpdrrtq,Vysrgwyg,Xxyohu,Dvoyoonzq,519813,Qcffkk,www.grvshypm.com,7955354442,4942132565
Fkhnfchk,Clcjzg,Zsgomdtznp,Kmcme,Suozo,Bzzhqtff,423587,Rkveaooihq,www.uzyhwvrh.com,9659325768,4387227799
