{
	"data": [
		{"date": "2012/05/22 15:51", "value": 20, "id": 100},
		{"date": "2012/05/23 13:51", "value": 22, "id": 101},
		{"date": "2012/05/24 13:51", "value": 24, "id": 102},
		{"date": "2012/05/25 12:51", "value": 24, "id": 103},
		{"date": "2012/05/26 15:51", "value": 25, "id": 104},
		{"date": "2012/05/27 11:05", "value": 26, "id": 105},
		{"date": "2012/05/28 15:51", "value": 25, "id": 106},
		{"date": "2012/05/29 15:51", "value": 26, "id": 107},
		{"date": "2012/05/30 14:51", "value": 27, "id": 108},
		{"date": "2012/05/31 17:51", "value": 29, "id": 109}
	]
}